"Source:","F:\Ernest\Eng\KiCad_Projects\loop_ant\loop_ant.sch"
"Date:","29/08/2020 9:41:23 PM"
"Tool:","Eeschema (5.1.5)-3"
"Generator:","F:\Ernest\KiCad\bin\scripting\plugins/bom_csv_grouped_by_value_with_fp.py"
"Component Count:","67"
"Ref","Qnty","Value","Cmp name","Footprint","Description","Vendor"
"AE1, ","1","Antenna_Loop","Antenna_Loop","TerminalBlock_TE-Connectivity:TerminalBlock_TE_282834-2_1x02_P2.54mm_Horizontal","Loop antenna",""
"BT1, ","1","Battery_Cell","Battery_Cell","Battery:BatteryHolder_Keystone_1042_1x18650","Single-cell battery",""
"C1, ","1","39p","C","Capacitor_SMD:C_0603_1608Metric","Unpolarized capacitor",""
"C2, C6, ","2","4u7","C","Capacitor_SMD:C_0603_1608Metric","Unpolarized capacitor",""
"C3, ","1","75p","C","Capacitor_SMD:C_0603_1608Metric","Unpolarized capacitor",""
"C4, C5, ","2","12p","C","Capacitor_SMD:C_0603_1608Metric","Unpolarized capacitor",""
"C7, ","1","10n","C","Capacitor_SMD:C_0603_1608Metric","Unpolarized capacitor",""
"C8, C12, C14, ","3","1u","C","Capacitor_SMD:C_0805_2012Metric","Unpolarized capacitor",""
"C9, C10, ","2","NF","C","Capacitor_SMD:C_0603_1608Metric","Unpolarized capacitor",""
"C11, ","1","10u","C","Capacitor_SMD:C_0603_1608Metric","Unpolarized capacitor",""
"C13, ","1","100n","C","Capacitor_SMD:C_0603_1608Metric","Unpolarized capacitor",""
"C15, C16, ","2","2.2u","C","Capacitor_SMD:C_0805_2012Metric","Unpolarized capacitor",""
"D1, ","1","YELLOW","LED","LED_THT:LED_D5.0mm","Light emitting diode",""
"D2, ","1","GREEN","LED","LED_THT:LED_D5.0mm","Light emitting diode",""
"FB1, ","1","Ferrite_Bead","Ferrite_Bead","Inductor_SMD:L_1806_4516Metric","Ferrite bead",""
"FID1, FID2, ","2","Fiducial","Fiducial","Fiducial:Fiducial_1mm_Mask3mm","Fiducial Marker",""
"H1, H2, H3, H4, ","4","MountingHole_Pad","MountingHole_Pad","MountingHole:MountingHole_3.2mm_M3_Pad_Via","Mounting Hole with connection",""
"H5, H6, H7, H8, ","4","MountingHole","MountingHole","MountingHole:MountingHole_3.2mm_M3","Mounting Hole without connection",""
"J1, ","1","USB_B_Micro","USB_B_Micro","Connector_USB:USB_Micro-B_Molex-105017-0001","USB Micro Type B connector",""
"J2, ","1","RF_Shield_Two_Pieces","RF_Shield_Two_Pieces","RF_Shielding:Laird_Technologies_BMI-S-103_26.21x26.21mm","Two-piece EMI RF shielding cabinet",""
"J3, ","1","Conn_Coaxial","Conn_Coaxial","Connector_Coaxial:SMA_Amphenol_132289_EdgeMount","coaxial connector (BNC, SMA, SMB, SMC, Cinch/RCA, ...)",""
"L1, ","1","10u","L","Inductor_SMD:L_1210_3225Metric","Inductor",""
"L2, ","1","5.6u","L","Inductor_SMD:L_1210_3225Metric","Inductor",""
"L3, L4, ","2","100u","L","Inductor_SMD:L_Coilcraft_LPS4018","Inductor",""
"R1, R8, ","2","10k","R","Resistor_SMD:R_0603_1608Metric","Resistor",""
"R2, R16, ","2","470","R","Resistor_SMD:R_0603_1608Metric","Resistor",""
"R3, R15, ","2","51.1","R","Resistor_SMD:R_0603_1608Metric","Resistor",""
"R4, ","1","0R","R","Resistor_SMD:R_0603_1608Metric","Resistor",""
"R5, ","1","4k7","R","Resistor_SMD:R_0603_1608Metric","Resistor",""
"R6, ","1","22","R","Resistor_SMD:R_0603_1608Metric","Resistor",""
"R7, ","1","3k9","R","Resistor_SMD:R_0603_1608Metric","Resistor",""
"R9, ","1","453","R","Resistor_SMD:R_0603_1608Metric","Resistor",""
"R10, ","1","47k","R","Resistor_SMD:R_0603_1608Metric","Resistor",""
"R11, R13, R21, ","3","NF","R","Resistor_SMD:R_0603_1608Metric","Resistor",""
"R12, ","1","1k","R","Resistor_SMD:R_0603_1608Metric","Resistor",""
"R14, ","1","15k","R","Resistor_SMD:R_0603_1608Metric","Resistor",""
"R17, R19, ","2","1M6","R","Resistor_SMD:R_0603_1608Metric","Resistor",""
"R18, R20, ","2","499k","R","Resistor_SMD:R_0603_1608Metric","Resistor",""
"SW1, ","1","SW_SPST","SW_SPST","TerminalBlock_TE-Connectivity:TerminalBlock_TE_282834-2_1x02_P2.54mm_Horizontal","Single Pole Single Throw (SPST) switch",""
"TR1, TR2, ","2","MABAES0060","MABAES0060","Transformer_SMD:Transformer_MACOM_SM-22","RF 1:1 Flux Coupled Transformer",""
"U1, ","1","MCP73831-2-OT","MCP73831-2-OT","Package_TO_SOT_SMD:SOT-23-5","Single cell, Li-Ion/Li-Po charge management controller, 4.20V, Tri-State Status Output, in SOT23-5 package",""
"U2, ","1","LM4040DBZ-2.5","LM4040DBZ-2.5","Package_TO_SOT_SMD:SOT-23","2.500V Precision Micropower Shunt Voltage Reference, SOT-23",""
"U3, ","1","LM321","LM321","Package_TO_SOT_SMD:SOT-23-5","Low Power Single Operational Amplifier, SOT-23-5",""
"U4, ","1","AD8099ARDZ","AD8099ARDZ","Package_SO:SOIC-8-1EP_3.9x4.9mm_P1.27mm_EP2.29x3mm_ThermalVias","Ultralow Distortion, High Speed, Low Noise Op Amp",""
"U5, ","1","LM27762","LM27762","Package_SON:WSON-12-1EP_3x2mm_P0.5mm_EP1x2.65_ThermalVias","Low-noise inverting charge pump with both positive and negative LDO's, with 2.7V-5.5V input to +1.5 to +5V and -1.5 to -5V Output Voltage, WSON-12",""
