<?xml version="1.0" encoding="UTF-8"?>
<export version="D">
  <design>
    <source>F:\Ernest\Eng\KiCad_Projects\loop_ant\loop_ant.sch</source>
    <date>29/08/2020 9:41:23 PM</date>
    <tool>Eeschema (5.1.5)-3</tool>
    <sheet number="1" name="/" tstamps="/">
      <title_block>
        <title>Active Loop Antenna</title>
        <company>BAI Communications</company>
        <rev>B</rev>
        <date>12/08/2020</date>
        <source>loop_ant.sch</source>
        <comment number="1" value=""/>
        <comment number="2" value=""/>
        <comment number="3" value=""/>
        <comment number="4" value=""/>
      </title_block>
    </sheet>
  </design>
  <components>
    <comp ref="U4">
      <value>AD8099ARDZ</value>
      <footprint>Package_SO:SOIC-8-1EP_3.9x4.9mm_P1.27mm_EP2.29x3mm_ThermalVias</footprint>
      <datasheet>https://www.analog.com/media/en/technical-documentation/data-sheets/AD8099.pdf</datasheet>
      <libsource lib="Amplifier_Operational" part="AD8099ARDZ" description="Ultralow Distortion, High Speed, Low Noise Op Amp"/>
      <sheetpath names="/" tstamps="/"/>
      <tstamp>5EB1A2D4</tstamp>
    </comp>
    <comp ref="AE1">
      <value>Antenna_Loop</value>
      <footprint>TerminalBlock_TE-Connectivity:TerminalBlock_TE_282834-2_1x02_P2.54mm_Horizontal</footprint>
      <datasheet>~</datasheet>
      <libsource lib="Device" part="Antenna_Loop" description="Loop antenna"/>
      <sheetpath names="/" tstamps="/"/>
      <tstamp>5EB1CF9C</tstamp>
    </comp>
    <comp ref="U5">
      <value>LM27762</value>
      <footprint>Package_SON:WSON-12-1EP_3x2mm_P0.5mm_EP1x2.65_ThermalVias</footprint>
      <datasheet>http://www.ti.com/lit/ds/symlink/lm27762.pdf</datasheet>
      <libsource lib="Regulator_SwitchedCapacitor" part="LM27762" description="Low-noise inverting charge pump with both positive and negative LDO's, with 2.7V-5.5V input to +1.5 to +5V and -1.5 to -5V Output Voltage, WSON-12"/>
      <sheetpath names="/" tstamps="/"/>
      <tstamp>5EB088D9</tstamp>
    </comp>
    <comp ref="R11">
      <value>NF</value>
      <footprint>Resistor_SMD:R_0603_1608Metric</footprint>
      <datasheet>~</datasheet>
      <libsource lib="Device" part="R" description="Resistor"/>
      <sheetpath names="/" tstamps="/"/>
      <tstamp>5EB33765</tstamp>
    </comp>
    <comp ref="C10">
      <value>NF</value>
      <footprint>Capacitor_SMD:C_0603_1608Metric</footprint>
      <datasheet>~</datasheet>
      <libsource lib="Device" part="C" description="Unpolarized capacitor"/>
      <sheetpath names="/" tstamps="/"/>
      <tstamp>5EB34184</tstamp>
    </comp>
    <comp ref="C9">
      <value>NF</value>
      <footprint>Capacitor_SMD:C_0603_1608Metric</footprint>
      <datasheet>~</datasheet>
      <libsource lib="Device" part="C" description="Unpolarized capacitor"/>
      <sheetpath names="/" tstamps="/"/>
      <tstamp>5EB3455F</tstamp>
    </comp>
    <comp ref="C13">
      <value>100n</value>
      <footprint>Capacitor_SMD:C_0603_1608Metric</footprint>
      <datasheet>~</datasheet>
      <libsource lib="Device" part="C" description="Unpolarized capacitor"/>
      <sheetpath names="/" tstamps="/"/>
      <tstamp>5EB3B6D5</tstamp>
    </comp>
    <comp ref="R15">
      <value>51.1</value>
      <footprint>Resistor_SMD:R_0603_1608Metric</footprint>
      <datasheet>~</datasheet>
      <libsource lib="Device" part="R" description="Resistor"/>
      <sheetpath names="/" tstamps="/"/>
      <tstamp>5EB3FDCE</tstamp>
    </comp>
    <comp ref="J3">
      <value>Conn_Coaxial</value>
      <footprint>Connector_Coaxial:SMA_Amphenol_132289_EdgeMount</footprint>
      <datasheet> ~</datasheet>
      <libsource lib="Connector" part="Conn_Coaxial" description="coaxial connector (BNC, SMA, SMB, SMC, Cinch/RCA, ...)"/>
      <sheetpath names="/" tstamps="/"/>
      <tstamp>5EB416EC</tstamp>
    </comp>
    <comp ref="R9">
      <value>453</value>
      <footprint>Resistor_SMD:R_0603_1608Metric</footprint>
      <datasheet>~</datasheet>
      <libsource lib="Device" part="R" description="Resistor"/>
      <sheetpath names="/" tstamps="/"/>
      <tstamp>5EB4973C</tstamp>
    </comp>
    <comp ref="R4">
      <value>0R</value>
      <footprint>Resistor_SMD:R_0603_1608Metric</footprint>
      <datasheet>~</datasheet>
      <libsource lib="Device" part="R" description="Resistor"/>
      <sheetpath names="/" tstamps="/"/>
      <tstamp>5EB4CB63</tstamp>
    </comp>
    <comp ref="R3">
      <value>51.1</value>
      <footprint>Resistor_SMD:R_0603_1608Metric</footprint>
      <datasheet>~</datasheet>
      <libsource lib="Device" part="R" description="Resistor"/>
      <sheetpath names="/" tstamps="/"/>
      <tstamp>5EB65910</tstamp>
    </comp>
    <comp ref="C8">
      <value>1u</value>
      <footprint>Capacitor_SMD:C_0805_2012Metric</footprint>
      <datasheet>https://www.yuden.co.jp/productdata/catalog/mlcc06_e.pdf</datasheet>
      <libsource lib="Device" part="C" description="Unpolarized capacitor"/>
      <sheetpath names="/" tstamps="/"/>
      <tstamp>5EB74B82</tstamp>
    </comp>
    <comp ref="C11">
      <value>10u</value>
      <footprint>Capacitor_SMD:C_0603_1608Metric</footprint>
      <datasheet>~</datasheet>
      <libsource lib="Device" part="C" description="Unpolarized capacitor"/>
      <sheetpath names="/" tstamps="/"/>
      <tstamp>5EBCB892</tstamp>
    </comp>
    <comp ref="TR1">
      <value>MABAES0060</value>
      <footprint>Transformer_SMD:Transformer_MACOM_SM-22</footprint>
      <datasheet>https://cdn.macom.com/datasheets/MABAES0060.pdf</datasheet>
      <libsource lib="Transformer" part="MABAES0060" description="RF 1:1 Flux Coupled Transformer"/>
      <sheetpath names="/" tstamps="/"/>
      <tstamp>5EBC130C</tstamp>
    </comp>
    <comp ref="TR2">
      <value>MABAES0060</value>
      <footprint>Transformer_SMD:Transformer_MACOM_SM-22</footprint>
      <datasheet>https://cdn.macom.com/datasheets/MABAES0060.pdf</datasheet>
      <libsource lib="Transformer" part="MABAES0060" description="RF 1:1 Flux Coupled Transformer"/>
      <sheetpath names="/" tstamps="/"/>
      <tstamp>5EBC52E1</tstamp>
    </comp>
    <comp ref="C7">
      <value>10n</value>
      <footprint>Capacitor_SMD:C_0603_1608Metric</footprint>
      <datasheet>~</datasheet>
      <libsource lib="Device" part="C" description="Unpolarized capacitor"/>
      <sheetpath names="/" tstamps="/"/>
      <tstamp>5EC031F2</tstamp>
    </comp>
    <comp ref="R6">
      <value>22</value>
      <footprint>Resistor_SMD:R_0603_1608Metric</footprint>
      <datasheet>~</datasheet>
      <libsource lib="Device" part="R" description="Resistor"/>
      <sheetpath names="/" tstamps="/"/>
      <tstamp>5EC0C102</tstamp>
    </comp>
    <comp ref="L3">
      <value>100u</value>
      <footprint>Inductor_SMD:L_Coilcraft_LPS4018</footprint>
      <datasheet>https://au.mouser.com/datasheet/2/597/lps4018-270702.pdf</datasheet>
      <libsource lib="Device" part="L" description="Inductor"/>
      <sheetpath names="/" tstamps="/"/>
      <tstamp>5EBF37C0</tstamp>
    </comp>
    <comp ref="C1">
      <value>39p</value>
      <footprint>Capacitor_SMD:C_0603_1608Metric</footprint>
      <datasheet>~</datasheet>
      <libsource lib="Device" part="C" description="Unpolarized capacitor"/>
      <sheetpath names="/" tstamps="/"/>
      <tstamp>5EC236FB</tstamp>
    </comp>
    <comp ref="C3">
      <value>75p</value>
      <footprint>Capacitor_SMD:C_0603_1608Metric</footprint>
      <datasheet>~</datasheet>
      <libsource lib="Device" part="C" description="Unpolarized capacitor"/>
      <sheetpath names="/" tstamps="/"/>
      <tstamp>5EC2638C</tstamp>
    </comp>
    <comp ref="C5">
      <value>12p</value>
      <footprint>Capacitor_SMD:C_0603_1608Metric</footprint>
      <datasheet>~</datasheet>
      <libsource lib="Device" part="C" description="Unpolarized capacitor"/>
      <sheetpath names="/" tstamps="/"/>
      <tstamp>5EC28E43</tstamp>
    </comp>
    <comp ref="L1">
      <value>10u</value>
      <footprint>Inductor_SMD:L_1210_3225Metric</footprint>
      <datasheet>https://search.murata.co.jp/Ceramy/image/img/P02/JELF243A-0040.pdf</datasheet>
      <libsource lib="Device" part="L" description="Inductor"/>
      <sheetpath names="/" tstamps="/"/>
      <tstamp>5EC2CD68</tstamp>
    </comp>
    <comp ref="L2">
      <value>5.6u</value>
      <footprint>Inductor_SMD:L_1210_3225Metric</footprint>
      <datasheet>https://search.murata.co.jp/Ceramy/image/img/P02/JELF243A-0040.pdf</datasheet>
      <libsource lib="Device" part="L" description="Inductor"/>
      <sheetpath names="/" tstamps="/"/>
      <tstamp>5EC3D163</tstamp>
    </comp>
    <comp ref="C4">
      <value>12p</value>
      <footprint>Capacitor_SMD:C_0603_1608Metric</footprint>
      <datasheet>~</datasheet>
      <libsource lib="Device" part="C" description="Unpolarized capacitor"/>
      <sheetpath names="/" tstamps="/"/>
      <tstamp>5EC40627</tstamp>
    </comp>
    <comp ref="R10">
      <value>47k</value>
      <footprint>Resistor_SMD:R_0603_1608Metric</footprint>
      <datasheet>~</datasheet>
      <libsource lib="Device" part="R" description="Resistor"/>
      <sheetpath names="/" tstamps="/"/>
      <tstamp>5EC79148</tstamp>
    </comp>
    <comp ref="C12">
      <value>1u</value>
      <footprint>Capacitor_SMD:C_0805_2012Metric</footprint>
      <datasheet>https://www.yuden.co.jp/productdata/catalog/mlcc06_e.pdf</datasheet>
      <libsource lib="Device" part="C" description="Unpolarized capacitor"/>
      <sheetpath names="/" tstamps="/"/>
      <tstamp>5EC849CD</tstamp>
    </comp>
    <comp ref="R14">
      <value>15k</value>
      <footprint>Resistor_SMD:R_0603_1608Metric</footprint>
      <datasheet>~</datasheet>
      <libsource lib="Device" part="R" description="Resistor"/>
      <sheetpath names="/" tstamps="/"/>
      <tstamp>5EC96712</tstamp>
    </comp>
    <comp ref="C14">
      <value>1u</value>
      <footprint>Capacitor_SMD:C_0805_2012Metric</footprint>
      <datasheet>https://www.yuden.co.jp/productdata/catalog/mlcc06_e.pdf</datasheet>
      <libsource lib="Device" part="C" description="Unpolarized capacitor"/>
      <sheetpath names="/" tstamps="/"/>
      <tstamp>5ECAE161</tstamp>
    </comp>
    <comp ref="U1">
      <value>MCP73831-2-OT</value>
      <footprint>Package_TO_SOT_SMD:SOT-23-5</footprint>
      <datasheet>http://ww1.microchip.com/downloads/en/DeviceDoc/20001984g.pdf</datasheet>
      <libsource lib="Battery_Management" part="MCP73831-2-OT" description="Single cell, Li-Ion/Li-Po charge management controller, 4.20V, Tri-State Status Output, in SOT23-5 package"/>
      <sheetpath names="/" tstamps="/"/>
      <tstamp>5EAEBC9F</tstamp>
    </comp>
    <comp ref="R1">
      <value>10k</value>
      <footprint>Resistor_SMD:R_0603_1608Metric</footprint>
      <datasheet>~</datasheet>
      <libsource lib="Device" part="R" description="Resistor"/>
      <sheetpath names="/" tstamps="/"/>
      <tstamp>5EAEC450</tstamp>
    </comp>
    <comp ref="C2">
      <value>4u7</value>
      <footprint>Capacitor_SMD:C_0603_1608Metric</footprint>
      <datasheet>~</datasheet>
      <libsource lib="Device" part="C" description="Unpolarized capacitor"/>
      <sheetpath names="/" tstamps="/"/>
      <tstamp>5EB02A3D</tstamp>
    </comp>
    <comp ref="C6">
      <value>4u7</value>
      <footprint>Capacitor_SMD:C_0603_1608Metric</footprint>
      <datasheet>~</datasheet>
      <libsource lib="Device" part="C" description="Unpolarized capacitor"/>
      <sheetpath names="/" tstamps="/"/>
      <tstamp>5EB03011</tstamp>
    </comp>
    <comp ref="BT1">
      <value>Battery_Cell</value>
      <footprint>Battery:BatteryHolder_Keystone_1042_1x18650</footprint>
      <datasheet>https://au.mouser.com/datasheet/2/215/1042P-744096.pdf</datasheet>
      <libsource lib="Device" part="Battery_Cell" description="Single-cell battery"/>
      <sheetpath names="/" tstamps="/"/>
      <tstamp>5EB03609</tstamp>
    </comp>
    <comp ref="D1">
      <value>YELLOW</value>
      <footprint>LED_THT:LED_D5.0mm</footprint>
      <datasheet>https://au.mouser.com/datasheet/2/239/LTL-533-11-1150336.pdf</datasheet>
      <libsource lib="Device" part="LED" description="Light emitting diode"/>
      <sheetpath names="/" tstamps="/"/>
      <tstamp>5EB03CFA</tstamp>
    </comp>
    <comp ref="R2">
      <value>470</value>
      <footprint>Resistor_SMD:R_0603_1608Metric</footprint>
      <datasheet>~</datasheet>
      <libsource lib="Device" part="R" description="Resistor"/>
      <sheetpath names="/" tstamps="/"/>
      <tstamp>5EB07279</tstamp>
    </comp>
    <comp ref="J1">
      <value>USB_B_Micro</value>
      <footprint>Connector_USB:USB_Micro-B_Molex-105017-0001</footprint>
      <datasheet>https://au.mouser.com/datasheet/2/276/1/1050170001_IO_CONNECTORS-230168.pdf</datasheet>
      <libsource lib="Connector" part="USB_B_Micro" description="USB Micro Type B connector"/>
      <sheetpath names="/" tstamps="/"/>
      <tstamp>5EFD21EB</tstamp>
    </comp>
    <comp ref="SW1">
      <value>SW_SPST</value>
      <footprint>TerminalBlock_TE-Connectivity:TerminalBlock_TE_282834-2_1x02_P2.54mm_Horizontal</footprint>
      <datasheet>~</datasheet>
      <libsource lib="Switch" part="SW_SPST" description="Single Pole Single Throw (SPST) switch"/>
      <sheetpath names="/" tstamps="/"/>
      <tstamp>5EFEB666</tstamp>
    </comp>
    <comp ref="D2">
      <value>GREEN</value>
      <footprint>LED_THT:LED_D5.0mm</footprint>
      <datasheet>https://au.mouser.com/datasheet/2/239/LTL-533-11-1150336.pdf</datasheet>
      <libsource lib="Device" part="LED" description="Light emitting diode"/>
      <sheetpath names="/" tstamps="/"/>
      <tstamp>5EFAB6EE</tstamp>
    </comp>
    <comp ref="R16">
      <value>470</value>
      <footprint>Resistor_SMD:R_0603_1608Metric</footprint>
      <datasheet>~</datasheet>
      <libsource lib="Device" part="R" description="Resistor"/>
      <sheetpath names="/" tstamps="/"/>
      <tstamp>5EFAB6F4</tstamp>
    </comp>
    <comp ref="C16">
      <value>2.2u</value>
      <footprint>Capacitor_SMD:C_0805_2012Metric</footprint>
      <datasheet>https://www.yuden.co.jp/productdata/catalog/mlcc06_e.pdf</datasheet>
      <libsource lib="Device" part="C" description="Unpolarized capacitor"/>
      <sheetpath names="/" tstamps="/"/>
      <tstamp>5ED0361E</tstamp>
    </comp>
    <comp ref="R19">
      <value>1M6</value>
      <footprint>Resistor_SMD:R_0603_1608Metric</footprint>
      <datasheet>~</datasheet>
      <libsource lib="Device" part="R" description="Resistor"/>
      <sheetpath names="/" tstamps="/"/>
      <tstamp>5ED03615</tstamp>
    </comp>
    <comp ref="R20">
      <value>499k</value>
      <footprint>Resistor_SMD:R_0603_1608Metric</footprint>
      <datasheet>~</datasheet>
      <libsource lib="Device" part="R" description="Resistor"/>
      <sheetpath names="/" tstamps="/"/>
      <tstamp>5ED03608</tstamp>
    </comp>
    <comp ref="C15">
      <value>2.2u</value>
      <footprint>Capacitor_SMD:C_0805_2012Metric</footprint>
      <datasheet>https://www.yuden.co.jp/productdata/catalog/mlcc06_e.pdf</datasheet>
      <libsource lib="Device" part="C" description="Unpolarized capacitor"/>
      <sheetpath names="/" tstamps="/"/>
      <tstamp>5ECEB0D8</tstamp>
    </comp>
    <comp ref="R17">
      <value>1M6</value>
      <footprint>Resistor_SMD:R_0603_1608Metric</footprint>
      <datasheet>~</datasheet>
      <libsource lib="Device" part="R" description="Resistor"/>
      <sheetpath names="/" tstamps="/"/>
      <tstamp>5ECD2941</tstamp>
    </comp>
    <comp ref="R18">
      <value>499k</value>
      <footprint>Resistor_SMD:R_0603_1608Metric</footprint>
      <datasheet>~</datasheet>
      <libsource lib="Device" part="R" description="Resistor"/>
      <sheetpath names="/" tstamps="/"/>
      <tstamp>5ECD2930</tstamp>
    </comp>
    <comp ref="L4">
      <value>100u</value>
      <footprint>Inductor_SMD:L_Coilcraft_LPS4018</footprint>
      <datasheet>https://au.mouser.com/datasheet/2/597/lps4018-270702.pdf</datasheet>
      <libsource lib="Device" part="L" description="Inductor"/>
      <sheetpath names="/" tstamps="/"/>
      <tstamp>5EFDCBE8</tstamp>
    </comp>
    <comp ref="H1">
      <value>MountingHole_Pad</value>
      <footprint>MountingHole:MountingHole_3.2mm_M3_Pad_Via</footprint>
      <datasheet>~</datasheet>
      <libsource lib="Mechanical" part="MountingHole_Pad" description="Mounting Hole with connection"/>
      <sheetpath names="/" tstamps="/"/>
      <tstamp>5F04F765</tstamp>
    </comp>
    <comp ref="H3">
      <value>MountingHole_Pad</value>
      <footprint>MountingHole:MountingHole_3.2mm_M3_Pad_Via</footprint>
      <datasheet>~</datasheet>
      <libsource lib="Mechanical" part="MountingHole_Pad" description="Mounting Hole with connection"/>
      <sheetpath names="/" tstamps="/"/>
      <tstamp>5F05081F</tstamp>
    </comp>
    <comp ref="H2">
      <value>MountingHole_Pad</value>
      <footprint>MountingHole:MountingHole_3.2mm_M3_Pad_Via</footprint>
      <datasheet>~</datasheet>
      <libsource lib="Mechanical" part="MountingHole_Pad" description="Mounting Hole with connection"/>
      <sheetpath names="/" tstamps="/"/>
      <tstamp>5F053D04</tstamp>
    </comp>
    <comp ref="H4">
      <value>MountingHole_Pad</value>
      <footprint>MountingHole:MountingHole_3.2mm_M3_Pad_Via</footprint>
      <datasheet>~</datasheet>
      <libsource lib="Mechanical" part="MountingHole_Pad" description="Mounting Hole with connection"/>
      <sheetpath names="/" tstamps="/"/>
      <tstamp>5F0571C8</tstamp>
    </comp>
    <comp ref="J2">
      <value>RF_Shield_Two_Pieces</value>
      <footprint>RF_Shielding:Laird_Technologies_BMI-S-103_26.21x26.21mm</footprint>
      <datasheet>~</datasheet>
      <libsource lib="Device" part="RF_Shield_Two_Pieces" description="Two-piece EMI RF shielding cabinet"/>
      <sheetpath names="/" tstamps="/"/>
      <tstamp>5F333F05</tstamp>
    </comp>
    <comp ref="R8">
      <value>10k</value>
      <footprint>Resistor_SMD:R_0603_1608Metric</footprint>
      <datasheet>~</datasheet>
      <libsource lib="Device" part="R" description="Resistor"/>
      <sheetpath names="/" tstamps="/"/>
      <tstamp>5F369302</tstamp>
    </comp>
    <comp ref="R7">
      <value>3k9</value>
      <footprint>Resistor_SMD:R_0603_1608Metric</footprint>
      <datasheet>~</datasheet>
      <libsource lib="Device" part="R" description="Resistor"/>
      <sheetpath names="/" tstamps="/"/>
      <tstamp>5F362179</tstamp>
    </comp>
    <comp ref="U2">
      <value>LM4040DBZ-2.5</value>
      <footprint>Package_TO_SOT_SMD:SOT-23</footprint>
      <datasheet>http://www.ti.com/lit/ds/symlink/lm4040-n.pdf</datasheet>
      <libsource lib="Reference_Voltage" part="LM4040DBZ-2.5" description="2.500V Precision Micropower Shunt Voltage Reference, SOT-23"/>
      <sheetpath names="/" tstamps="/"/>
      <tstamp>5F3C8E26</tstamp>
    </comp>
    <comp ref="R5">
      <value>4k7</value>
      <footprint>Resistor_SMD:R_0603_1608Metric</footprint>
      <datasheet>~</datasheet>
      <libsource lib="Device" part="R" description="Resistor"/>
      <sheetpath names="/" tstamps="/"/>
      <tstamp>5F3D56A9</tstamp>
    </comp>
    <comp ref="U3">
      <value>LM321</value>
      <footprint>Package_TO_SOT_SMD:SOT-23-5</footprint>
      <datasheet>http://www.ti.com/lit/ds/symlink/lm321.pdf</datasheet>
      <libsource lib="Amplifier_Operational" part="LM321" description="Low Power Single Operational Amplifier, SOT-23-5"/>
      <sheetpath names="/" tstamps="/"/>
      <tstamp>5F3F39BE</tstamp>
    </comp>
    <comp ref="R13">
      <value>NF</value>
      <footprint>Resistor_SMD:R_0603_1608Metric</footprint>
      <datasheet>~</datasheet>
      <libsource lib="Device" part="R" description="Resistor"/>
      <sheetpath names="/" tstamps="/"/>
      <tstamp>5F4399DC</tstamp>
    </comp>
    <comp ref="R12">
      <value>1k</value>
      <footprint>Resistor_SMD:R_0603_1608Metric</footprint>
      <datasheet>~</datasheet>
      <libsource lib="Device" part="R" description="Resistor"/>
      <sheetpath names="/" tstamps="/"/>
      <tstamp>5F43D47D</tstamp>
    </comp>
    <comp ref="R21">
      <value>NF</value>
      <footprint>Resistor_SMD:R_0603_1608Metric</footprint>
      <datasheet>~</datasheet>
      <libsource lib="Device" part="R" description="Resistor"/>
      <sheetpath names="/" tstamps="/"/>
      <tstamp>5F3DEC8D</tstamp>
    </comp>
    <comp ref="FID1">
      <value>Fiducial</value>
      <footprint>Fiducial:Fiducial_1mm_Mask3mm</footprint>
      <datasheet>~</datasheet>
      <libsource lib="Mechanical" part="Fiducial" description="Fiducial Marker"/>
      <sheetpath names="/" tstamps="/"/>
      <tstamp>5F498E69</tstamp>
    </comp>
    <comp ref="FID2">
      <value>Fiducial</value>
      <footprint>Fiducial:Fiducial_1mm_Mask3mm</footprint>
      <datasheet>~</datasheet>
      <libsource lib="Mechanical" part="Fiducial" description="Fiducial Marker"/>
      <sheetpath names="/" tstamps="/"/>
      <tstamp>5F499F22</tstamp>
    </comp>
    <comp ref="H5">
      <value>MountingHole</value>
      <footprint>MountingHole:MountingHole_3.2mm_M3</footprint>
      <datasheet>~</datasheet>
      <libsource lib="Mechanical" part="MountingHole" description="Mounting Hole without connection"/>
      <sheetpath names="/" tstamps="/"/>
      <tstamp>5F48DD0D</tstamp>
    </comp>
    <comp ref="H6">
      <value>MountingHole</value>
      <footprint>MountingHole:MountingHole_3.2mm_M3</footprint>
      <datasheet>~</datasheet>
      <libsource lib="Mechanical" part="MountingHole" description="Mounting Hole without connection"/>
      <sheetpath names="/" tstamps="/"/>
      <tstamp>5F48E749</tstamp>
    </comp>
    <comp ref="H8">
      <value>MountingHole</value>
      <footprint>MountingHole:MountingHole_3.2mm_M3</footprint>
      <datasheet>~</datasheet>
      <libsource lib="Mechanical" part="MountingHole" description="Mounting Hole without connection"/>
      <sheetpath names="/" tstamps="/"/>
      <tstamp>5F48F849</tstamp>
    </comp>
    <comp ref="H7">
      <value>MountingHole</value>
      <footprint>MountingHole:MountingHole_3.2mm_M3</footprint>
      <datasheet>~</datasheet>
      <libsource lib="Mechanical" part="MountingHole" description="Mounting Hole without connection"/>
      <sheetpath names="/" tstamps="/"/>
      <tstamp>5F48FB63</tstamp>
    </comp>
    <comp ref="FB1">
      <value>Ferrite_Bead</value>
      <footprint>Inductor_SMD:L_1806_4516Metric</footprint>
      <datasheet>~</datasheet>
      <libsource lib="Device" part="Ferrite_Bead" description="Ferrite bead"/>
      <sheetpath names="/" tstamps="/"/>
      <tstamp>5F47E7E2</tstamp>
    </comp>
  </components>
  <libparts>
    <libpart lib="Amplifier_Operational" part="AD8099ARDZ">
      <description>Ultralow Distortion, High Speed, Low Noise Op Amp</description>
      <docs>https://www.analog.com/media/en/technical-documentation/data-sheets/AD8099.pdf</docs>
      <footprints>
        <fp>SOIC*3.9x4.9mm*P1.27mm*</fp>
      </footprints>
      <fields>
        <field name="Reference">U</field>
        <field name="Value">AD8099ARDZ</field>
        <field name="Footprint">Package_SO:SOIC-8-1EP_3.9x4.9mm_P1.27mm_EP2.29x3mm_ThermalVias</field>
      </fields>
      <pins>
        <pin num="1" name="FB" type="input"/>
        <pin num="2" name="-" type="input"/>
        <pin num="3" name="+" type="input"/>
        <pin num="4" name="V-" type="power_in"/>
        <pin num="5" name="C" type="passive"/>
        <pin num="6" name="~" type="output"/>
        <pin num="7" name="V+" type="power_in"/>
        <pin num="8" name="~DIS~" type="input"/>
        <pin num="9" name="GND" type="passive"/>
      </pins>
    </libpart>
    <libpart lib="Amplifier_Operational" part="LM321">
      <description>Low Power Single Operational Amplifier, SOT-23-5</description>
      <docs>http://www.ti.com/lit/ds/symlink/lm321.pdf</docs>
      <footprints>
        <fp>SOT?23*</fp>
      </footprints>
      <fields>
        <field name="Reference">U</field>
        <field name="Value">LM321</field>
        <field name="Footprint">Package_TO_SOT_SMD:SOT-23-5</field>
      </fields>
      <pins>
        <pin num="1" name="+" type="input"/>
        <pin num="2" name="V-" type="power_in"/>
        <pin num="3" name="-" type="input"/>
        <pin num="4" name="~" type="output"/>
        <pin num="5" name="V+" type="power_in"/>
      </pins>
    </libpart>
    <libpart lib="Battery_Management" part="MCP73832-2-OT">
      <aliases>
        <alias>MCP73832-5-OT</alias>
        <alias>MCP73832-4-OT</alias>
        <alias>MCP73832-3-OT</alias>
        <alias>MCP73831-2-OT</alias>
        <alias>MCP73831-5-OT</alias>
        <alias>MCP73831-4-OT</alias>
        <alias>MCP73831-3-OT</alias>
      </aliases>
      <description>Single cell, Li-Ion/Li-Po charge management controller, 4.20V, Open-Drain Status Output, in SOT23-5 package</description>
      <docs>http://ww1.microchip.com/downloads/en/DeviceDoc/20001984g.pdf</docs>
      <footprints>
        <fp>SOT?23*</fp>
      </footprints>
      <fields>
        <field name="Reference">U</field>
        <field name="Value">MCP73832-2-OT</field>
        <field name="Footprint">Package_TO_SOT_SMD:SOT-23-5</field>
      </fields>
      <pins>
        <pin num="1" name="STAT" type="output"/>
        <pin num="2" name="VSS" type="power_in"/>
        <pin num="3" name="VBAT" type="power_out"/>
        <pin num="4" name="VDD" type="power_in"/>
        <pin num="5" name="PROG" type="input"/>
      </pins>
    </libpart>
    <libpart lib="Connector" part="Conn_Coaxial">
      <description>coaxial connector (BNC, SMA, SMB, SMC, Cinch/RCA, ...)</description>
      <docs> ~</docs>
      <footprints>
        <fp>*BNC*</fp>
        <fp>*SMA*</fp>
        <fp>*SMB*</fp>
        <fp>*SMC*</fp>
        <fp>*Cinch*</fp>
      </footprints>
      <fields>
        <field name="Reference">J</field>
        <field name="Value">Conn_Coaxial</field>
      </fields>
      <pins>
        <pin num="1" name="In" type="passive"/>
        <pin num="2" name="Ext" type="passive"/>
      </pins>
    </libpart>
    <libpart lib="Connector" part="USB_B_Micro">
      <aliases>
        <alias>USB_B_Mini</alias>
      </aliases>
      <description>USB Micro Type B connector</description>
      <docs>~</docs>
      <footprints>
        <fp>USB*</fp>
      </footprints>
      <fields>
        <field name="Reference">J</field>
        <field name="Value">USB_B_Micro</field>
      </fields>
      <pins>
        <pin num="1" name="VBUS" type="power_out"/>
        <pin num="2" name="D-" type="passive"/>
        <pin num="3" name="D+" type="passive"/>
        <pin num="4" name="ID" type="passive"/>
        <pin num="5" name="GND" type="power_out"/>
        <pin num="6" name="Shield" type="passive"/>
      </pins>
    </libpart>
    <libpart lib="Device" part="Antenna_Loop">
      <description>Loop antenna</description>
      <docs>~</docs>
      <fields>
        <field name="Reference">AE</field>
        <field name="Value">Antenna_Loop</field>
      </fields>
      <pins>
        <pin num="1" name="~" type="input"/>
        <pin num="2" name="~" type="input"/>
      </pins>
    </libpart>
    <libpart lib="Device" part="Battery_Cell">
      <description>Single-cell battery</description>
      <docs>~</docs>
      <fields>
        <field name="Reference">BT</field>
        <field name="Value">Battery_Cell</field>
      </fields>
      <pins>
        <pin num="1" name="+" type="passive"/>
        <pin num="2" name="-" type="passive"/>
      </pins>
    </libpart>
    <libpart lib="Device" part="C">
      <description>Unpolarized capacitor</description>
      <docs>~</docs>
      <footprints>
        <fp>C_*</fp>
      </footprints>
      <fields>
        <field name="Reference">C</field>
        <field name="Value">C</field>
      </fields>
      <pins>
        <pin num="1" name="~" type="passive"/>
        <pin num="2" name="~" type="passive"/>
      </pins>
    </libpart>
    <libpart lib="Device" part="Ferrite_Bead">
      <description>Ferrite bead</description>
      <docs>~</docs>
      <footprints>
        <fp>Inductor_*</fp>
        <fp>L_*</fp>
        <fp>*Ferrite*</fp>
      </footprints>
      <fields>
        <field name="Reference">FB</field>
        <field name="Value">Ferrite_Bead</field>
      </fields>
      <pins>
        <pin num="1" name="~" type="passive"/>
        <pin num="2" name="~" type="passive"/>
      </pins>
    </libpart>
    <libpart lib="Device" part="L">
      <description>Inductor</description>
      <docs>~</docs>
      <footprints>
        <fp>Choke_*</fp>
        <fp>*Coil*</fp>
        <fp>Inductor_*</fp>
        <fp>L_*</fp>
      </footprints>
      <fields>
        <field name="Reference">L</field>
        <field name="Value">L</field>
      </fields>
      <pins>
        <pin num="1" name="1" type="passive"/>
        <pin num="2" name="2" type="passive"/>
      </pins>
    </libpart>
    <libpart lib="Device" part="LED">
      <description>Light emitting diode</description>
      <docs>~</docs>
      <footprints>
        <fp>LED*</fp>
        <fp>LED_SMD:*</fp>
        <fp>LED_THT:*</fp>
      </footprints>
      <fields>
        <field name="Reference">D</field>
        <field name="Value">LED</field>
      </fields>
      <pins>
        <pin num="1" name="K" type="passive"/>
        <pin num="2" name="A" type="passive"/>
      </pins>
    </libpart>
    <libpart lib="Device" part="R">
      <description>Resistor</description>
      <docs>~</docs>
      <footprints>
        <fp>R_*</fp>
      </footprints>
      <fields>
        <field name="Reference">R</field>
        <field name="Value">R</field>
      </fields>
      <pins>
        <pin num="1" name="~" type="passive"/>
        <pin num="2" name="~" type="passive"/>
      </pins>
    </libpart>
    <libpart lib="Device" part="RF_Shield_Two_Pieces">
      <description>Two-piece EMI RF shielding cabinet</description>
      <docs>~</docs>
      <fields>
        <field name="Reference">J</field>
        <field name="Value">RF_Shield_Two_Pieces</field>
      </fields>
      <pins>
        <pin num="1" name="Shield" type="passive"/>
      </pins>
    </libpart>
    <libpart lib="Mechanical" part="Fiducial">
      <description>Fiducial Marker</description>
      <docs>~</docs>
      <footprints>
        <fp>Fiducial*</fp>
      </footprints>
      <fields>
        <field name="Reference">FID</field>
        <field name="Value">Fiducial</field>
      </fields>
    </libpart>
    <libpart lib="Mechanical" part="MountingHole">
      <description>Mounting Hole without connection</description>
      <docs>~</docs>
      <footprints>
        <fp>MountingHole*</fp>
      </footprints>
      <fields>
        <field name="Reference">H</field>
        <field name="Value">MountingHole</field>
      </fields>
    </libpart>
    <libpart lib="Mechanical" part="MountingHole_Pad">
      <description>Mounting Hole with connection</description>
      <docs>~</docs>
      <footprints>
        <fp>MountingHole*Pad*</fp>
      </footprints>
      <fields>
        <field name="Reference">H</field>
        <field name="Value">MountingHole_Pad</field>
      </fields>
      <pins>
        <pin num="1" name="1" type="input"/>
      </pins>
    </libpart>
    <libpart lib="Reference_Voltage" part="LM4040DBZ-2.0">
      <aliases>
        <alias>LM4040DBZ-2.5</alias>
        <alias>LM4040DBZ-3</alias>
        <alias>LM4040DBZ-4.1</alias>
        <alias>LM4040DBZ-5</alias>
        <alias>LM4040DBZ-8.2</alias>
        <alias>LM4040DBZ-10</alias>
      </aliases>
      <description>2.048V Precision Micropower Shunt Voltage Reference, SOT-23</description>
      <docs>http://www.ti.com/lit/ds/symlink/lm4040-n.pdf</docs>
      <footprints>
        <fp>SOT?23*</fp>
      </footprints>
      <fields>
        <field name="Reference">U</field>
        <field name="Value">LM4040DBZ-2.0</field>
        <field name="Footprint">Package_TO_SOT_SMD:SOT-23</field>
      </fields>
      <pins>
        <pin num="1" name="K" type="passive"/>
        <pin num="2" name="A" type="passive"/>
      </pins>
    </libpart>
    <libpart lib="Regulator_SwitchedCapacitor" part="LM27762">
      <description>Low-noise inverting charge pump with both positive and negative LDO's, with 2.7V-5.5V input to +1.5 to +5V and -1.5 to -5V Output Voltage, WSON-12</description>
      <docs>http://www.ti.com/lit/ds/symlink/lm27762.pdf</docs>
      <footprints>
        <fp>WSON*1EP?3x2mm*P0.5mm*ThermalVias*</fp>
      </footprints>
      <fields>
        <field name="Reference">U</field>
        <field name="Value">LM27762</field>
        <field name="Footprint">Package_SON:WSON-12-1EP_3x2mm_P0.5mm_EP1x2.65_ThermalVias</field>
      </fields>
      <pins>
        <pin num="1" name="PGOOD" type="openCol"/>
        <pin num="2" name="FB+" type="input"/>
        <pin num="3" name="VIN" type="power_in"/>
        <pin num="4" name="GND" type="power_in"/>
        <pin num="5" name="CP" type="passive"/>
        <pin num="6" name="OUT-" type="power_out"/>
        <pin num="7" name="FB-" type="input"/>
        <pin num="8" name="EN-" type="input"/>
        <pin num="9" name="C-" type="passive"/>
        <pin num="10" name="C+" type="passive"/>
        <pin num="11" name="OUT+" type="power_out"/>
        <pin num="12" name="EN+" type="input"/>
        <pin num="13" name="PAD" type="power_in"/>
      </pins>
    </libpart>
    <libpart lib="Switch" part="SW_SPST">
      <description>Single Pole Single Throw (SPST) switch</description>
      <docs>~</docs>
      <fields>
        <field name="Reference">SW</field>
        <field name="Value">SW_SPST</field>
      </fields>
      <pins>
        <pin num="1" name="A" type="passive"/>
        <pin num="2" name="B" type="passive"/>
      </pins>
    </libpart>
    <libpart lib="Transformer" part="MABAES0060">
      <description>RF 1:1 Flux Coupled Transformer</description>
      <docs>https://cdn.macom.com/datasheets/MABAES0060.pdf</docs>
      <footprints>
        <fp>Mini?Circuits*CD637*</fp>
      </footprints>
      <fields>
        <field name="Reference">TR</field>
        <field name="Value">MABAES0060</field>
        <field name="Footprint">Transformer_SMD:Transformer_MACOM_SM-22</field>
      </fields>
      <pins>
        <pin num="1" name="~" type="passive"/>
        <pin num="2" name="~" type="passive"/>
        <pin num="3" name="~" type="passive"/>
        <pin num="4" name="~" type="passive"/>
        <pin num="5" name="~" type="passive"/>
      </pins>
    </libpart>
  </libparts>
  <libraries>
    <library logical="Amplifier_Operational">
      <uri>F:\Ernest\KiCad\share\kicad\library/Amplifier_Operational.lib</uri>
    </library>
    <library logical="Battery_Management">
      <uri>F:\Ernest\KiCad\share\kicad\library/Battery_Management.lib</uri>
    </library>
    <library logical="Connector">
      <uri>F:\Ernest\KiCad\share\kicad\library/Connector.lib</uri>
    </library>
    <library logical="Device">
      <uri>F:\Ernest\KiCad\share\kicad\library/Device.lib</uri>
    </library>
    <library logical="Mechanical">
      <uri>F:\Ernest\KiCad\share\kicad\library/Mechanical.lib</uri>
    </library>
    <library logical="Reference_Voltage">
      <uri>F:\Ernest\KiCad\share\kicad\library/Reference_Voltage.lib</uri>
    </library>
    <library logical="Regulator_SwitchedCapacitor">
      <uri>F:\Ernest\KiCad\share\kicad\library/Regulator_SwitchedCapacitor.lib</uri>
    </library>
    <library logical="Switch">
      <uri>F:\Ernest\KiCad\share\kicad\library/Switch.lib</uri>
    </library>
    <library logical="Transformer">
      <uri>F:\Ernest\KiCad\share\kicad\library/Transformer.lib</uri>
    </library>
  </libraries>
  <nets>
    <net code="1" name="/VEE">
      <node ref="U4" pin="4"/>
      <node ref="C9" pin="2"/>
      <node ref="U5" pin="6"/>
      <node ref="C16" pin="1"/>
      <node ref="R19" pin="2"/>
    </net>
    <net code="2" name="Net-(D2-Pad1)">
      <node ref="D2" pin="1"/>
      <node ref="R16" pin="1"/>
    </net>
    <net code="3" name="Net-(FB1-Pad1)">
      <node ref="FB1" pin="1"/>
      <node ref="J1" pin="6"/>
    </net>
    <net code="4" name="Net-(J1-Pad4)">
      <node ref="J1" pin="4"/>
    </net>
    <net code="5" name="Net-(J1-Pad3)">
      <node ref="J1" pin="3"/>
    </net>
    <net code="6" name="Net-(J1-Pad2)">
      <node ref="J1" pin="2"/>
    </net>
    <net code="7" name="Net-(BT1-Pad1)">
      <node ref="BT1" pin="1"/>
      <node ref="SW1" pin="1"/>
      <node ref="C6" pin="1"/>
      <node ref="U1" pin="3"/>
    </net>
    <net code="8" name="/FB+">
      <node ref="U5" pin="2"/>
      <node ref="R18" pin="2"/>
      <node ref="R17" pin="1"/>
    </net>
    <net code="9" name="/VCC">
      <node ref="R10" pin="2"/>
      <node ref="U5" pin="11"/>
      <node ref="D2" pin="2"/>
      <node ref="U4" pin="7"/>
      <node ref="R17" pin="2"/>
      <node ref="C15" pin="1"/>
    </net>
    <net code="10" name="/FB-">
      <node ref="R20" pin="2"/>
      <node ref="R19" pin="1"/>
      <node ref="U5" pin="7"/>
    </net>
    <net code="11" name="Net-(R1-Pad1)">
      <node ref="U1" pin="5"/>
      <node ref="R1" pin="1"/>
    </net>
    <net code="12" name="Net-(R2-Pad2)">
      <node ref="U1" pin="1"/>
      <node ref="R2" pin="2"/>
    </net>
    <net code="13" name="GND">
      <node ref="H4" pin="1"/>
      <node ref="H2" pin="1"/>
      <node ref="H3" pin="1"/>
      <node ref="R16" pin="2"/>
      <node ref="H1" pin="1"/>
      <node ref="C11" pin="2"/>
      <node ref="U5" pin="4"/>
      <node ref="J2" pin="1"/>
      <node ref="C8" pin="2"/>
      <node ref="L3" pin="1"/>
      <node ref="C1" pin="2"/>
      <node ref="R3" pin="2"/>
      <node ref="U4" pin="9"/>
      <node ref="C3" pin="2"/>
      <node ref="C5" pin="2"/>
      <node ref="TR2" pin="4"/>
      <node ref="U2" pin="2"/>
      <node ref="C14" pin="2"/>
      <node ref="TR1" pin="1"/>
      <node ref="TR1" pin="4"/>
      <node ref="U3" pin="2"/>
      <node ref="R8" pin="1"/>
      <node ref="C16" pin="2"/>
      <node ref="J3" pin="2"/>
      <node ref="C2" pin="2"/>
      <node ref="C6" pin="2"/>
      <node ref="BT1" pin="2"/>
      <node ref="J1" pin="5"/>
      <node ref="R18" pin="1"/>
      <node ref="R1" pin="2"/>
      <node ref="U1" pin="2"/>
      <node ref="R15" pin="2"/>
      <node ref="R21" pin="2"/>
      <node ref="C15" pin="2"/>
      <node ref="FB1" pin="2"/>
      <node ref="R20" pin="1"/>
      <node ref="U5" pin="13"/>
    </net>
    <net code="14" name="/VCC5">
      <node ref="U1" pin="4"/>
      <node ref="J1" pin="1"/>
      <node ref="D1" pin="2"/>
      <node ref="C2" pin="1"/>
    </net>
    <net code="15" name="Net-(D1-Pad1)">
      <node ref="R2" pin="1"/>
      <node ref="D1" pin="1"/>
    </net>
    <net code="16" name="/EN">
      <node ref="R21" pin="1"/>
      <node ref="R12" pin="2"/>
      <node ref="U5" pin="8"/>
      <node ref="U5" pin="12"/>
      <node ref="R13" pin="2"/>
    </net>
    <net code="17" name="/VBAT">
      <node ref="SW1" pin="2"/>
      <node ref="L4" pin="1"/>
      <node ref="U3" pin="5"/>
      <node ref="R13" pin="1"/>
      <node ref="R5" pin="1"/>
      <node ref="R7" pin="2"/>
    </net>
    <net code="18" name="Net-(R12-Pad1)">
      <node ref="U3" pin="4"/>
      <node ref="R12" pin="1"/>
    </net>
    <net code="19" name="/VREF">
      <node ref="U2" pin="1"/>
      <node ref="U3" pin="3"/>
      <node ref="R5" pin="2"/>
    </net>
    <net code="20" name="Net-(R7-Pad1)">
      <node ref="R7" pin="1"/>
      <node ref="R8" pin="2"/>
      <node ref="U3" pin="1"/>
    </net>
    <net code="21" name="Net-(C11-Pad1)">
      <node ref="U5" pin="3"/>
      <node ref="R14" pin="2"/>
      <node ref="L4" pin="2"/>
      <node ref="C11" pin="1"/>
      <node ref="C8" pin="1"/>
    </net>
    <net code="22" name="Net-(R4-Pad2)">
      <node ref="U4" pin="3"/>
      <node ref="R4" pin="2"/>
    </net>
    <net code="23" name="Net-(C4-Pad2)">
      <node ref="C5" pin="1"/>
      <node ref="C4" pin="2"/>
      <node ref="L2" pin="2"/>
      <node ref="R4" pin="1"/>
    </net>
    <net code="24" name="Net-(C13-Pad2)">
      <node ref="J3" pin="1"/>
      <node ref="R15" pin="1"/>
      <node ref="C13" pin="2"/>
    </net>
    <net code="25" name="Net-(C13-Pad1)">
      <node ref="R9" pin="2"/>
      <node ref="U4" pin="1"/>
      <node ref="U4" pin="6"/>
      <node ref="C13" pin="1"/>
    </net>
    <net code="26" name="Net-(TR1-Pad2)">
      <node ref="TR1" pin="2"/>
      <node ref="TR2" pin="1"/>
    </net>
    <net code="27" name="Net-(C7-Pad2)">
      <node ref="U4" pin="2"/>
      <node ref="R3" pin="1"/>
      <node ref="C7" pin="2"/>
      <node ref="R9" pin="1"/>
    </net>
    <net code="28" name="Net-(C12-Pad2)">
      <node ref="C12" pin="2"/>
      <node ref="U5" pin="9"/>
    </net>
    <net code="29" name="Net-(C14-Pad1)">
      <node ref="C14" pin="1"/>
      <node ref="U5" pin="5"/>
    </net>
    <net code="30" name="Net-(C12-Pad1)">
      <node ref="U5" pin="10"/>
      <node ref="C12" pin="1"/>
    </net>
    <net code="31" name="/ANT-">
      <node ref="AE1" pin="1"/>
      <node ref="TR2" pin="5"/>
      <node ref="TR1" pin="5"/>
    </net>
    <net code="32" name="Net-(C10-Pad1)">
      <node ref="U4" pin="5"/>
      <node ref="C10" pin="1"/>
      <node ref="R11" pin="1"/>
    </net>
    <net code="33" name="/ANT+">
      <node ref="TR1" pin="3"/>
      <node ref="TR2" pin="3"/>
      <node ref="AE1" pin="2"/>
    </net>
    <net code="34" name="Net-(C10-Pad2)">
      <node ref="R11" pin="2"/>
      <node ref="C10" pin="2"/>
      <node ref="C9" pin="1"/>
    </net>
    <net code="35" name="Net-(R10-Pad1)">
      <node ref="U4" pin="8"/>
      <node ref="R10" pin="1"/>
    </net>
    <net code="36" name="Net-(C3-Pad1)">
      <node ref="L2" pin="1"/>
      <node ref="C3" pin="1"/>
      <node ref="C4" pin="1"/>
      <node ref="L1" pin="2"/>
    </net>
    <net code="37" name="Net-(C1-Pad1)">
      <node ref="TR2" pin="2"/>
      <node ref="L1" pin="1"/>
      <node ref="C1" pin="1"/>
    </net>
    <net code="38" name="Net-(R14-Pad1)">
      <node ref="R14" pin="1"/>
      <node ref="U5" pin="1"/>
    </net>
    <net code="39" name="Net-(L3-Pad2)">
      <node ref="L3" pin="2"/>
      <node ref="R6" pin="1"/>
    </net>
    <net code="40" name="Net-(C7-Pad1)">
      <node ref="R6" pin="2"/>
      <node ref="C7" pin="1"/>
    </net>
  </nets>
</export>
